Process_control_no,mu0,sd0
MFrA_1_dim,8.08071478007236,0.11166909207361048
MFrA_2_dim,9.131565616900213,0.1118157983116088
MFrA_3_dim,24.689000823402605,0.4268468015316348
MFrA_4_dim,5.937984510807804,0.10117559722124408
MFrA_5_dim,4.025938430414881,0.05359804757491244
MFrB_1_dim,12.900653716356251,0.31095391474323636
